<?xml version="1.0" encoding="UTF-8"?>
<addon id="plugin.video.prime_instant" name="Amazon Prime Instant Video" version="1.0.20" provider-name="XLordKX">
    <requires>
        <import addon="xbmc.python" version="2.1.0"/>
        <import addon="script.module.mechanize" version="0.2.6"/>
    </requires>
    <extension point="xbmc.python.pluginsource" library="default.py">
        <provides>video</provides>
    </extension>
    <extension point="xbmc.addon.metadata">
        <platform>all</platform>
        <summary lang="en">Amazon Prime Instant Video Add-on (US/UK/DE)</summary>
        <language></language>
        <description lang="en">Amazon Prime Instant Video Add-on (US/UK/DE)</description>
        <disclaimer lang="en">Some parts of this addon may not be legal in your country of residence - please check with your local laws before installing.</disclaimer>
        <license>GNU GENERAL PUBLIC LICENSE. Version 2, June 1991</license>
        <source>https://github.com/XLordKX/kodi</source>
        <forum>http://www.kodinerds.net/index.php/Thread/43912-RELEASE-Amazon-Prime-Instant-Video-US-UK-DE/</forum>
        <website>http://www.amazon.com</website>
    </extension>
</addon>
